zip,city
60438,Calumet City
60438,South Holland
60438,Glenwood
60438,Lansing
60438,Lynwood
60472,Robbins
60472,Midlothian
60472,Blue Island
60472,Crestwood
60104,Berkeley
60104,Hillside
60104,Maywood
60104,Bellwood
60104,Melrose Park
60644,Oak Park
60644,Cicero
60644,Chicago
60712,Lincolnwood
60712,Skokie
60712,Chicago
60443,Park Forest
60443,Olympia Fields
60443,Frankfort
60443,Flossmoor
60443,Richton Park
60443,University Park
60443,Matteson
60459,Hometown
60459,Oak Lawn
60459,Burbank
60459,Bedford Park
60459,Bridgeview
60154,Broadview
60154,Hillside
60154,Westchester
60154,Bellwood
60154,La Grange Park
60305,Oak Park
60305,Forest Park
60305,River Forest
60305,Elmwood Park
60305,Chicago
60305,Maywood
60305,Melrose Park
60456,Evergreen Park
60456,Hometown
60456,Oak Lawn
60455,Hickory Hills
60455,Oak Lawn
60455,Burbank
60455,Bedford Park
60455,Justice
60455,Palos Hills
60455,Bridgeview
60203,Evanston
60203,Skokie
60513,Riverside
60513,La Grange
60513,North Riverside
60513,Brookfield
60513,McCook
60513,Lyons
60513,La Grange Park
60141,North Riverside
60141,Broadview
60141,Maywood
60606,Chicago
60155,North Riverside
60155,Broadview
60155,Westchester
60155,Maywood
60155,Bellwood
60155,La Grange Park
60162,Berkeley
60162,Hillside
60162,Westchester
60162,Bellwood
60163,Elmhurst
60163,Berkeley
60163,Hillside
60163,Bellwood
60163,Melrose Park
60171,River Grove
60171,Elmwood Park
60171,Franklin Park
60171,Melrose Park
60202,Evanston
60202,Skokie
60202,Chicago
60304,Oak Park
60304,Berwyn
60304,Cicero
60304,Chicago
60176,Schiller Park
60176,Franklin Park
60176,Chicago
60476,East Hazel Crest
60476,Homewood
60476,Thornton
60476,South Holland
60409,Burnham
60409,Calumet City
60409,Dolton
60409,South Holland
60409,Lansing
60409,Chicago
60195,Inverness
60195,Schaumburg
60195,Palatine
60195,Hoffman Estates
60201,Evanston
60201,Skokie
60201,Wilmette
60091,Kenilworth
60091,Evanston
60091,Skokie
60091,Glenview
60091,Wilmette
60626,Evanston
60626,Chicago
60029,Golf
60029,Morton Grove
60029,Skokie
60029,Glenview
60429,Hazel Crest
60429,East Hazel Crest
60429,Homewood
60429,Country Club Hills
60429,Flossmoor
60429,Harvey
60429,Markham
60415,Worth
60415,Chicago Ridge
60415,Oak Lawn
60415,Palos Hills
60415,Bridgeview
60469,Midlothian
60469,Blue Island
60469,Posen
60469,Dixmoor
60469,Markham
60130,Oak Park
60130,Forest Park
60130,Berwyn
60130,River Forest
60130,North Riverside
60130,Maywood
60526,La Grange
60526,Brookfield
60526,Western Springs
60526,Broadview
60526,Westchester
60526,La Grange Park
60660,Chicago
60074,Deer Park
60074,Rolling Meadows
60074,Arlington Heights
60074,Palatine
60636,Chicago
60301,Oak Park
60301,River Forest
60558,La Grange
60558,Hinsdale
60558,Western Springs
60558,Indian Head Park
60558,La Grange Park
60642,Chicago
60618,Chicago
60621,Chicago
60623,Cicero
60623,Chicago
60629,Bedford Park
60629,Chicago
60602,Chicago
60603,Chicago
60604,Chicago
60646,Lincolnwood
60646,Skokie
60646,Niles
60646,Chicago
60521,Hinsdale
60521,Western Springs
60521,Burr Ridge
60652,Evergreen Park
60652,Hometown
60652,Burbank
60652,Bedford Park
60652,Chicago
60654,Chicago
60611,Chicago
60661,Chicago
60803,Merrionette Park
60803,Worth
60803,Chicago Ridge
60803,Oak Lawn
60803,Blue Island
60803,Alsip
60803,Crestwood
60803,Chicago
60803,Palos Heights
60804,Berwyn
60804,Cicero
60804,Stickney
60804,Forest View
60804,Chicago
60805,Evergreen Park
60805,Hometown
60805,Oak Lawn
60805,Chicago
60625,Chicago
60622,Chicago
60601,Chicago
60612,Chicago
60165,Stone Park
60165,Northlake
60165,Melrose Park
60619,Chicago
60649,Chicago
60164,Berkeley
60164,Stone Park
60164,Franklin Park
60164,Northlake
60164,Melrose Park
60610,Chicago
60131,River Grove
60131,Schiller Park
60131,Franklin Park
60131,Northlake
60131,Chicago
60131,Melrose Park
60131,Bensenville
60707,River Grove
60707,River Forest
60707,Elmwood Park
60707,Chicago
60402,Oak Park
60402,Berwyn
60402,Cicero
60402,Stickney
60402,Forest View
60402,Summit
60402,Chicago
60402,Lyons
60053,Golf
60053,Morton Grove
60053,Skokie
60053,Niles
60501,Bedford Park
60501,McCook
60501,Summit
60501,Hodgkins
60501,Justice
60501,Bridgeview
60501,Chicago
60501,Lyons
60501,Willow Springs
60062,Deerfield
60062,Glencoe
60062,Northfield
60062,Northbrook
60062,Wheeling
60062,Highland Park
60062,Riverwoods
60062,Prospect Heights
60062,Glenview
60425,Homewood
60425,Thornton
60425,Glenwood
60425,Lynwood
60425,Chicago Heights
60645,Lincolnwood
60645,Evanston
60645,Chicago
60615,Chicago
60461,Olympia Fields
60461,Flossmoor
60461,Matteson
60461,Chicago Heights
60466,Park Forest
60466,Olympia Fields
60466,Richton Park
60466,Matteson
60466,South Chicago Heights
60466,Chicago Heights
60620,Evergreen Park
60620,Chicago
60173,Rolling Meadows
60173,Schaumburg
60173,Palatine
60173,Hoffman Estates
60473,Calumet City
60473,East Hazel Crest
60473,Thornton
60473,Phoenix
60473,Dolton
60473,South Holland
60473,Harvey
60473,Lansing
60417,Steger
60056,Mount Prospect
60056,Arlington Heights
60056,Des Plaines
60056,Prospect Heights
60025,Golf
60025,Morton Grove
60025,Skokie
60025,Niles
60025,Northfield
60025,Northbrook
60025,Des Plaines
60025,Glenview
60025,Wilmette
60448,Tinley Park
60448,Orland Park
60015,Deerfield
60015,Northbrook
60015,Riverwoods
60637,Chicago
60714,Morton Grove
60714,Skokie
60714,Niles
60714,Park Ridge
60714,Chicago
60714,Glenview
60016,Mount Prospect
60016,Niles
60016,Park Ridge
60016,Des Plaines
60016,Glenview
60070,Mount Prospect
60070,Arlington Heights
60070,Wheeling
60070,Prospect Heights
60487,Orland Hills
60487,Tinley Park
60487,Orland Park
60153,Forest Park
60153,River Forest
60153,Broadview
60153,Maywood
60153,Bellwood
60153,Melrose Park
60068,Niles
60068,Park Ridge
60068,Rosemont
60068,Des Plaines
60068,Chicago
60422,Hazel Crest
60422,Homewood
60422,Olympia Fields
60422,Country Club Hills
60422,Flossmoor
60422,Chicago Heights
60430,Hazel Crest
60430,East Hazel Crest
60430,Homewood
60430,Thornton
60430,Country Club Hills
60430,Flossmoor
60430,Glenwood
60430,Chicago Heights
60007,Mount Prospect
60007,Arlington Heights
60007,Schaumburg
60007,Elk Grove Village
60007,Des Plaines
60007,Roselle
60007,Chicago
60172,Schaumburg
60172,Elk Grove Village
60172,Roselle
60008,Rolling Meadows
60008,Arlington Heights
60008,Schaumburg
60008,Palatine
60655,Merrionette Park
60655,Evergreen Park
60655,Oak Lawn
60655,Blue Island
60655,Alsip
60655,Chicago
60191,Elk Grove Village
60523,Westchester
60523,Oak Brook
60090,Buffalo Grove
60090,Arlington Heights
60090,Wheeling
60090,Prospect Heights
60110,Barrington Hills
60613,Chicago
60411,Park Forest
60411,Homewood
60411,Olympia Fields
60411,Sauk Village
60411,Flossmoor
60411,Ford Heights
60411,Glenwood
60411,Lansing
60411,Lynwood
60411,South Chicago Heights
60411,Steger
60411,Chicago Heights
60160,River Grove
60160,Berkeley
60160,River Forest
60160,Stone Park
60160,Elmwood Park
60160,Franklin Park
60160,Northlake
60160,Maywood
60160,Bellwood
60160,Melrose Park
60423,Frankfort
60423,Richton Park
60423,Matteson
60639,Oak Park
60639,Chicago
60419,Calumet City
60419,Dolton
60419,South Holland
60419,Riverdale
60419,Harvey
60192,East Dundee
60192,Inverness
60192,Schaumburg
60192,Barrington Hills
60192,Elgin
60192,South Barrington
60192,Hoffman Estates
60534,Riverside
60534,Berwyn
60534,Stickney
60534,Brookfield
60534,McCook
60534,Lyons
60018,Schiller Park
60018,Mount Prospect
60018,Franklin Park
60018,Park Ridge
60018,Rosemont
60018,Elk Grove Village
60018,Des Plaines
60018,Chicago
60077,Lincolnwood
60077,Morton Grove
60077,Skokie
60077,Niles
60077,Chicago
60077,Glenview
60106,Franklin Park
60106,Elk Grove Village
60106,Chicago
60106,Bensenville
60441,Lemont
60143,Elk Grove Village
60067,Inverness
60067,Barrington
60067,Rolling Meadows
60067,Schaumburg
60067,Palatine
60067,Hoffman Estates
60426,Hazel Crest
60426,East Hazel Crest
60426,Phoenix
60426,Dolton
60426,South Holland
60426,Posen
60426,Dixmoor
60426,Harvey
60426,Markham
60089,Buffalo Grove
60089,Arlington Heights
60089,Wheeling
60462,Orland Hills
60462,Tinley Park
60462,Oak Forest
60462,Orland Park
60462,Palos Park
60462,Palos Heights
60471,Park Forest
60471,Richton Park
60471,University Park
60471,Matteson
60463,Worth
60463,Palos Hills
60463,Alsip
60463,Crestwood
60463,Orland Park
60463,Palos Park
60463,Palos Heights
60465,Hickory Hills
60465,Worth
60465,Palos Hills
60465,Bridgeview
60465,Palos Heights
60076,Lincolnwood
60076,Evanston
60076,Skokie
60076,Chicago
60043,Kenilworth
60043,Wilmette
60043,Winnetka
60047,Buffalo Grove
60047,Arlington Heights
60047,Palatine
60475,Park Forest
60475,Sauk Village
60475,Crete
60475,South Chicago Heights
60475,Steger
60475,Chicago Heights
60477,Country Club Hills
60477,Matteson
60477,Tinley Park
60477,Oak Forest
60477,Orland Park
60453,Evergreen Park
60453,Hometown
60453,Chicago Ridge
60453,Oak Lawn
60453,Alsip
60453,Bridgeview
60453,Chicago
46320,Chicago
60449,Richton Park
60449,University Park
60118,Elgin
60406,Merrionette Park
60406,Robbins
60406,Midlothian
60406,Blue Island
60406,Riverdale
60406,Posen
60406,Dixmoor
60406,Alsip
60406,Chicago
60406,Calumet Park
60478,Hazel Crest
60478,Country Club Hills
60478,Flossmoor
60478,Markham
60478,Oak Forest
60302,Oak Park
60302,River Forest
60302,Chicago
60457,Hickory Hills
60457,Justice
60457,Palos Hills
60457,Bridgeview
60457,Willow Springs
60445,Robbins
60445,Midlothian
60445,Posen
60445,Markham
60445,Alsip
60445,Crestwood
60445,Oak Forest
60452,Country Club Hills
60452,Midlothian
60452,Markham
60452,Tinley Park
60452,Oak Forest
60452,Orland Park
60491,Homer Glen
60491,Orland Park
60491,Lemont
60193,Hanover Park
60193,Schaumburg
60193,Streamwood
60193,Elk Grove Village
60193,Roselle
60482,Worth
60482,Chicago Ridge
60482,Palos Hills
60482,Alsip
60482,Palos Heights
60194,Schaumburg
60194,Streamwood
60194,Hoffman Estates
60647,Chicago
60653,Chicago
60651,Oak Park
60651,Chicago
60643,Blue Island
60643,Riverdale
60643,Chicago
60643,Calumet Park
60656,Norridge
60656,Harwood Heights
60656,Schiller Park
60656,Rosemont
60656,Chicago
60706,Norridge
60706,Harwood Heights
60706,Chicago
60657,Chicago
60827,Dolton
60827,Blue Island
60827,Riverdale
60827,Dixmoor
60827,Harvey
60827,Chicago
60827,Calumet Park
60525,La Grange
60525,Hinsdale
60525,Stickney
60525,Brookfield
60525,Countryside
60525,Forest View
60525,McCook
60525,Summit
60525,Western Springs
60525,Indian Head Park
60525,Burr Ridge
60525,Hodgkins
60525,Lyons
60525,Willow Springs
60525,La Grange Park
60624,Chicago
60628,Riverdale
60628,Chicago
60628,Calumet Park
60608,Chicago
60607,Chicago
60605,Chicago
60609,Chicago
60632,Cicero
60632,Chicago
60633,Burnham
60633,Calumet City
60633,Chicago
60634,Norridge
60634,River Grove
60634,Harwood Heights
60634,Elmwood Park
60634,Schiller Park
60634,Franklin Park
60634,Chicago
60616,Chicago
60640,Chicago
60641,Chicago
60614,Chicago
60617,Chicago
60026,Northbrook
60026,Glenview
60480,Countryside
60480,Burr Ridge
60480,Hodgkins
60480,Willow Springs
60630,Harwood Heights
60630,Chicago
60103,Hanover Park
60103,Streamwood
60103,Bartlett
60103,Elgin
60107,Hanover Park
60107,Schaumburg
60107,Streamwood
60107,Bartlett
60107,Hoffman Estates
60458,Hickory Hills
60458,Bedford Park
60458,Justice
60458,Bridgeview
60458,Willow Springs
60467,Orland Hills
60467,Homer Glen
60467,Orland Park
60467,Palos Park
60005,Mount Prospect
60005,Rolling Meadows
60005,Arlington Heights
60005,Elk Grove Village
60005,Des Plaines
60010,East Dundee
60010,Inverness
60010,Deer Park
60010,Barrington
60010,Barrington Hills
60010,Palatine
60010,South Barrington
60010,Hoffman Estates
60428,Hazel Crest
60428,Country Club Hills
60428,Midlothian
60428,Posen
60428,Harvey
60428,Markham
60428,Oak Forest
60126,Elmhurst
60126,Berkeley
60126,Franklin Park
60126,Hillside
60126,Westchester
60126,Northlake
60126,Oak Brook
60439,Homer Glen
60439,Woodridge
60439,Willow Springs
60439,Lemont
60439,Palos Park
60004,Mount Prospect
60004,Buffalo Grove
60004,Arlington Heights
60004,Wheeling
60004,Palatine
60004,Prospect Heights
60638,Stickney
60638,Burbank
60638,Forest View
60638,Bedford Park
60638,Summit
60638,Bridgeview
60638,Chicago
60169,Schaumburg
60169,Streamwood
60169,South Barrington
60169,Hoffman Estates
60631,Niles
60631,Park Ridge
60631,Rosemont
60631,Chicago
60527,Hinsdale
60527,Indian Head Park
60527,Burr Ridge
60527,Willow Springs
60527,Lemont
60464,Orland Park
60464,Palos Park
60464,Palos Heights
60659,Lincolnwood
60659,Chicago
60133,Hanover Park
60133,Schaumburg
60133,Streamwood
60133,Bartlett
60546,Riverside
60546,Forest Park
60546,Berwyn
60546,North Riverside
60546,Brookfield
60546,Broadview
60546,Lyons
60022,Glencoe
60022,Northbrook
60022,Highland Park
60022,Winnetka
60120,Streamwood
60120,Bartlett
60120,Elgin
60120,Hoffman Estates
60035,Glencoe
60035,Northbrook
60035,Highland Park
60093,Kenilworth
60093,Glencoe
60093,Northfield
60093,Northbrook
60093,Glenview
60093,Wilmette
60093,Winnetka
60141,Hines
